Date,Close
2018-04-17 00:00:00-04:00,14.144813537597656
2018-04-18 00:00:00-04:00,14.144813537597656
2018-04-19 00:00:00-04:00,14.03280258178711
2018-04-20 00:00:00-04:00,13.88283634185791
2018-04-23 00:00:00-04:00,13.746758460998535
2018-04-24 00:00:00-04:00,13.598645210266113
2018-04-25 00:00:00-04:00,13.581981658935547
2018-04-26 00:00:00-04:00,13.820816040039062
2018-04-27 00:00:00-04:00,13.718986511230469
2018-04-30 00:00:00-04:00,13.663447380065918
2018-05-01 00:00:00-04:00,13.709731101989746
2018-05-02 00:00:00-04:00,13.700474739074707
2018-05-03 00:00:00-04:00,13.723614692687988
2018-05-04 00:00:00-04:00,13.910609245300293
2018-05-07 00:00:00-04:00,13.941156387329102
2018-05-08 00:00:00-04:00,13.908756256103516
2018-05-09 00:00:00-04:00,14.055020332336426
2018-05-10 00:00:00-04:00,14.23830795288086
2018-05-11 00:00:00-04:00,14.242938041687012
2018-05-14 00:00:00-04:00,14.302183151245117
2018-05-15 00:00:00-04:00,14.144813537597656
2018-05-16 00:00:00-04:00,14.308663368225098
2018-05-17 00:00:00-04:00,14.26237678527832
2018-05-18 00:00:00-04:00,14.23275375366211
2018-05-21 00:00:00-04:00,14.292925834655762
2018-05-22 00:00:00-04:00,14.339210510253906
2018-05-23 00:00:00-04:00,14.237382888793945
2018-05-24 00:00:00-04:00,14.179990768432617
2018-05-25 00:00:00-04:00,14.140183448791504
2018-05-29 00:00:00-04:00,13.931899070739746
2018-05-30 00:00:00-04:00,14.054094314575195
2018-05-31 00:00:00-04:00,13.996699333190918
2018-06-01 00:00:00-04:00,14.21886920928955
2018-06-04 00:00:00-04:00,14.348469734191895
2018-06-05 00:00:00-04:00,14.413267135620117
2018-06-06 00:00:00-04:00,14.542868614196777
2018-06-07 00:00:00-04:00,14.515095710754395
2018-06-08 00:00:00-04:00,14.458627700805664
2018-06-11 00:00:00-04:00,14.49658203125
2018-06-12 00:00:00-04:00,14.404010772705078
2018-06-13 00:00:00-04:00,14.431782722473145
2018-06-14 00:00:00-04:00,14.413267135620117
2018-06-15 00:00:00-04:00,14.302183151245117
2018-06-18 00:00:00-04:00,14.292925834655762
2018-06-19 00:00:00-04:00,14.070755004882812
2018-06-20 00:00:00-04:00,14.098526000976562
2018-06-21 00:00:00-04:00,13.885615348815918
2018-06-22 00:00:00-04:00,13.880986213684082
2018-06-25 00:00:00-04:00,13.506074905395508
2018-06-26 00:00:00-04:00,13.607902526855469
2018-06-27 00:00:00-04:00,13.506074905395508
2018-06-28 00:00:00-04:00,13.320934295654297
2018-06-29 00:00:00-04:00,13.432018280029297
2018-07-02 00:00:00-04:00,13.372772216796875
2018-07-03 00:00:00-04:00,13.302416801452637
2018-07-05 00:00:00-04:00,13.478303909301758
2018-07-06 00:00:00-04:00,13.607902526855469
2018-07-09 00:00:00-04:00,13.763422012329102
2018-07-10 00:00:00-04:00,13.857845306396484
2018-07-11 00:00:00-04:00,13.580131530761719
2018-07-12 00:00:00-04:00,13.725467681884766
2018-07-13 00:00:00-04:00,13.73750114440918
2018-07-16 00:00:00-04:00,13.65511417388916
2018-07-17 00:00:00-04:00,13.78378677368164
2018-07-18 00:00:00-04:00,13.857845306396484
2018-07-19 00:00:00-04:00,13.756013870239258
2018-07-20 00:00:00-04:00,13.691218376159668
2018-07-23 00:00:00-04:00,13.656966209411621
2018-07-24 00:00:00-04:00,13.764347076416016
2018-07-25 00:00:00-04:00,13.695844650268555
2018-07-26 00:00:00-04:00,13.857845306396484
2018-07-27 00:00:00-04:00,13.756939888000488
2018-07-30 00:00:00-04:00,13.68195915222168
2018-07-31 00:00:00-04:00,13.728242874145508
2018-08-01 00:00:00-04:00,13.62178897857666
2018-08-02 00:00:00-04:00,13.68195915222168
2018-08-03 00:00:00-04:00,13.709731101989746
2018-08-06 00:00:00-04:00,13.746758460998535
2018-08-07 00:00:00-04:00,13.839329719543457
2018-08-08 00:00:00-04:00,13.830998420715332
2018-08-09 00:00:00-04:00,13.774529457092285
2018-08-10 00:00:00-04:00,13.511630058288574
2018-08-13 00:00:00-04:00,13.40424633026123
2018-08-14 00:00:00-04:00,13.485710144042969
2018-08-15 00:00:00-04:00,13.209847450256348
2018-08-16 00:00:00-04:00,13.27464771270752
2018-08-17 00:00:00-04:00,13.311676979064941
2018-08-20 00:00:00-04:00,13.422760009765625
2018-08-21 00:00:00-04:00,13.552359580993652
2018-08-22 00:00:00-04:00,13.515332221984863
2018-08-23 00:00:00-04:00,13.469046592712402
2018-08-24 00:00:00-04:00,13.62641716003418
2018-08-27 00:00:00-04:00,13.830072402954102
2018-08-28 00:00:00-04:00,13.895798683166504
2018-08-29 00:00:00-04:00,13.922642707824707
2018-08-30 00:00:00-04:00,13.802299499511719
2018-08-31 00:00:00-04:00,13.721763610839844
2018-09-04 00:00:00-04:00,13.648634910583496
2018-09-05 00:00:00-04:00,13.543103218078613
2018-09-06 00:00:00-04:00,13.45978832244873
2018-09-07 00:00:00-04:00,13.343149185180664
2018-09-10 00:00:00-04:00,13.4033203125
2018-09-11 00:00:00-04:00,13.330188751220703
2018-09-12 00:00:00-04:00,13.345001220703125
2018-09-13 00:00:00-04:00,13.524588584899902
2018-09-14 00:00:00-04:00,13.581056594848633
2018-09-17 00:00:00-04:00,13.543103218078613
2018-09-18 00:00:00-04:00,13.584760665893555
2018-09-19 00:00:00-04:00,13.709731101989746
2018-09-20 00:00:00-04:00,13.894871711730957
2018-09-21 00:00:00-04:00,13.922642707824707
2018-09-24 00:00:00-04:00,13.802299499511719
2018-09-25 00:00:00-04:00,13.73750114440918
2018-09-26 00:00:00-04:00,13.68195915222168
2018-09-27 00:00:00-04:00,13.68195915222168
2018-09-28 00:00:00-04:00,13.631970405578613
2018-10-01 00:00:00-04:00,13.746758460998535
2018-10-02 00:00:00-04:00,13.73750114440918
2018-10-03 00:00:00-04:00,13.709731101989746
2018-10-04 00:00:00-04:00,13.463493347167969
2018-10-05 00:00:00-04:00,13.27464771270752
2018-10-08 00:00:00-04:00,13.197813034057617
2018-10-09 00:00:00-04:00,13.070992469787598
2018-10-10 00:00:00-04:00,12.677565574645996
2018-10-11 00:00:00-04:00,12.497053146362305
2018-10-12 00:00:00-04:00,12.486869812011719
2018-10-15 00:00:00-04:00,12.478538513183594
2018-10-16 00:00:00-04:00,12.722000122070312
2018-10-17 00:00:00-04:00,12.691451072692871
2018-10-18 00:00:00-04:00,12.450766563415527
2018-10-19 00:00:00-04:00,12.395224571228027
2018-10-22 00:00:00-04:00,12.441510200500488
2018-10-23 00:00:00-04:00,12.339683532714844
2018-10-24 00:00:00-04:00,11.909228324890137
2018-10-25 00:00:00-04:00,12.04345703125
2018-10-26 00:00:00-04:00,11.876830101013184
2018-10-29 00:00:00-04:00,11.849058151245117
2018-10-30 00:00:00-04:00,11.905527114868164
2018-10-31 00:00:00-04:00,12.256369590759277
2018-11-01 00:00:00-04:00,12.497053146362305
2018-11-02 00:00:00-04:00,12.464652061462402
2018-11-05 00:00:00-05:00,12.367453575134277
2018-11-06 00:00:00-05:00,12.549818992614746
2018-11-07 00:00:00-05:00,12.691451072692871
2018-11-08 00:00:00-05:00,12.61739444732666
2018-11-09 00:00:00-05:00,12.367453575134277
2018-11-12 00:00:00-05:00,12.089743614196777
2018-11-13 00:00:00-05:00,12.117514610290527
2018-11-14 00:00:00-05:00,12.085114479064941
2018-11-15 00:00:00-05:00,12.210083961486816
2018-11-16 00:00:00-05:00,12.23785400390625
2018-11-19 00:00:00-05:00,12.024943351745605
2018-11-20 00:00:00-05:00,11.74722957611084
2018-11-21 00:00:00-05:00,11.971250534057617
2018-11-23 00:00:00-05:00,11.971250534057617
2018-11-26 00:00:00-05:00,12.044381141662598
2018-11-27 00:00:00-05:00,12.015684127807617
2018-11-28 00:00:00-05:00,12.200825691223145
2018-11-29 00:00:00-05:00,12.228597640991211
2018-11-30 00:00:00-05:00,12.265624046325684
2018-12-03 00:00:00-05:00,12.53408145904541
2018-12-04 00:00:00-05:00,12.163800239562988
2018-12-06 00:00:00-05:00,11.881458282470703
2018-12-07 00:00:00-05:00,11.594486236572266
2018-12-10 00:00:00-05:00,11.54820442199707
2018-12-11 00:00:00-05:00,11.599116325378418
2018-12-12 00:00:00-05:00,11.763894081115723
2018-12-13 00:00:00-05:00,11.705574989318848
2018-12-14 00:00:00-05:00,11.599116325378418
2018-12-17 00:00:00-05:00,11.239015579223633
2018-12-18 00:00:00-05:00,11.400089263916016
2018-12-19 00:00:00-05:00,11.400089263916016
2018-12-20 00:00:00-05:00,10.969636917114258
2018-12-21 00:00:00-05:00,10.796528816223145
2018-12-24 00:00:00-05:00,10.6002779006958
2018-12-26 00:00:00-05:00,10.858549118041992
2018-12-27 00:00:00-05:00,10.738208770751953
2018-12-28 00:00:00-05:00,11.100117683410645
2018-12-31 00:00:00-05:00,11.104877471923828
2019-01-02 00:00:00-05:00,11.200117111206055
2019-01-03 00:00:00-05:00,10.847731590270996
2019-01-04 00:00:00-05:00,11.278214454650879
2019-01-07 00:00:00-05:00,11.523930549621582
2019-01-08 00:00:00-05:00,11.5048828125
2019-01-09 00:00:00-05:00,11.752506256103516
2019-01-10 00:00:00-05:00,11.7334566116333
2019-01-11 00:00:00-05:00,11.819170951843262
2019-01-14 00:00:00-05:00,11.74393367767334
2019-01-15 00:00:00-05:00,11.762028694152832
2019-01-16 00:00:00-05:00,11.857268333435059
2019-01-17 00:00:00-05:00,11.942983627319336
2019-01-18 00:00:00-05:00,12.090601921081543
2019-01-22 00:00:00-05:00,11.762028694152832
2019-01-23 00:00:00-05:00,11.723934173583984
2019-01-24 00:00:00-05:00,11.971556663513184
2019-01-25 00:00:00-05:00,12.216318130493164
2019-01-28 00:00:00-05:00,12.014410972595215
2019-01-29 00:00:00-05:00,11.99060344696045
2019-01-30 00:00:00-05:00,12.18108081817627
2019-01-31 00:00:00-05:00,12.289653778076172
2019-02-01 00:00:00-05:00,12.332510948181152
2019-02-04 00:00:00-05:00,12.398225784301758
2019-02-05 00:00:00-05:00,12.466797828674316
2019-02-06 00:00:00-05:00,12.542988777160645
2019-02-07 00:00:00-05:00,12.215367317199707
2019-02-08 00:00:00-05:00,12.08583927154541
2019-02-11 00:00:00-05:00,12.162033081054688
2019-02-12 00:00:00-05:00,12.35917854309082
2019-02-13 00:00:00-05:00,12.428703308105469
2019-02-14 00:00:00-05:00,12.447750091552734
2019-02-15 00:00:00-05:00,12.60013198852539
2019-02-19 00:00:00-05:00,12.649657249450684
2019-02-20 00:00:00-05:00,12.781087875366211
2019-02-21 00:00:00-05:00,12.714418411254883
2019-02-22 00:00:00-05:00,12.84775447845459
2019-02-25 00:00:00-05:00,13.019185066223145
2019-02-26 00:00:00-05:00,12.971564292907715
2019-02-27 00:00:00-05:00,12.922041893005371
2019-02-28 00:00:00-05:00,12.80965805053711
2019-03-01 00:00:00-05:00,12.851563453674316
2019-03-04 00:00:00-05:00,12.83823013305664
2019-03-05 00:00:00-05:00,12.766799926757812
2019-03-06 00:00:00-05:00,12.60013198852539
2019-03-07 00:00:00-05:00,12.362034797668457
2019-03-08 00:00:00-05:00,12.292509078979492
2019-03-11 00:00:00-04:00,12.562036514282227
2019-03-12 00:00:00-04:00,12.581085205078125
2019-03-13 00:00:00-04:00,12.628705024719238
2019-03-14 00:00:00-04:00,12.561084747314453
2019-03-15 00:00:00-04:00,12.628705024719238
2019-03-18 00:00:00-04:00,12.742990493774414
2019-03-19 00:00:00-04:00,12.795373916625977
2019-03-20 00:00:00-04:00,12.766799926757812
2019-03-21 00:00:00-04:00,12.9429931640625
2019-03-22 00:00:00-04:00,12.570609092712402
2019-03-25 00:00:00-04:00,12.428703308105469
2019-03-26 00:00:00-04:00,12.531560897827148
2019-03-27 00:00:00-04:00,12.485845565795898
2019-03-28 00:00:00-04:00,12.51441764831543
2019-03-29 00:00:00-04:00,12.594416618347168
2019-04-01 00:00:00-04:00,12.897278785705566
2019-04-02 00:00:00-04:00,12.98108959197998
2019-04-03 00:00:00-04:00,13.133471488952637
2019-04-04 00:00:00-04:00,13.257282257080078
2019-04-05 00:00:00-04:00,13.262044906616211
2019-04-08 00:00:00-04:00,13.333473205566406
2019-04-09 00:00:00-04:00,13.200138092041016
2019-04-10 00:00:00-04:00,13.276330947875977
2019-04-11 00:00:00-04:00,13.257282257080078
2019-04-12 00:00:00-04:00,13.400141716003418
2019-04-15 00:00:00-04:00,13.349664688110352
2019-04-16 00:00:00-04:00,13.538238525390625
2019-04-17 00:00:00-04:00,13.696333885192871
2019-04-18 00:00:00-04:00,13.71442985534668
2019-04-22 00:00:00-04:00,13.657288551330566
2019-04-23 00:00:00-04:00,13.61919116973877
2019-04-24 00:00:00-04:00,13.600143432617188
2019-04-25 00:00:00-04:00,13.341093063354492
2019-04-26 00:00:00-04:00,13.333473205566406
2019-04-29 00:00:00-04:00,13.390618324279785
2019-04-30 00:00:00-04:00,13.316329956054688
2019-05-01 00:00:00-04:00,13.257282257080078
2019-05-02 00:00:00-04:00,13.243949890136719
2019-05-03 00:00:00-04:00,13.504905700683594
2019-05-06 00:00:00-04:00,13.314425468444824
2019-05-07 00:00:00-04:00,12.95061206817627
2019-05-08 00:00:00-04:00,13.009661674499512
2019-05-09 00:00:00-04:00,12.742990493774414
2019-05-10 00:00:00-04:00,12.74775505065918
2019-05-13 00:00:00-04:00,12.285842895507812
2019-05-14 00:00:00-04:00,12.447750091552734
2019-05-15 00:00:00-04:00,12.581085205078125
2019-05-16 00:00:00-04:00,12.466797828674316
2019-05-17 00:00:00-04:00,12.233461380004883
2019-05-20 00:00:00-04:00,11.954413414001465
2019-05-21 00:00:00-04:00,12.190604209899902
2019-05-22 00:00:00-04:00,11.962031364440918
2019-05-23 00:00:00-04:00,11.70488452911377
2019-05-24 00:00:00-04:00,11.78107738494873
2019-05-28 00:00:00-04:00,11.790600776672363
2019-05-29 00:00:00-04:00,11.707744598388672
2019-05-30 00:00:00-04:00,11.762028694152832
2019-05-31 00:00:00-04:00,11.590598106384277
2019-06-03 00:00:00-04:00,11.585836410522461
2019-06-04 00:00:00-04:00,11.989649772644043
2019-06-05 00:00:00-04:00,11.981078147888184
2019-06-06 00:00:00-04:00,12.078222274780273
2019-06-07 00:00:00-04:00,12.228700637817383
2019-06-10 00:00:00-04:00,12.390607833862305
2019-06-11 00:00:00-04:00,12.460131645202637
2019-06-12 00:00:00-04:00,12.342987060546875
2019-06-13 00:00:00-04:00,12.342987060546875
2019-06-14 00:00:00-04:00,12.207748413085938
2019-06-17 00:00:00-04:00,12.238224029541016
2019-06-18 00:00:00-04:00,12.504894256591797
2019-06-19 00:00:00-04:00,12.545846939086914
2019-06-20 00:00:00-04:00,12.7048978805542
2019-06-21 00:00:00-04:00,12.638230323791504
2019-06-24 00:00:00-04:00,12.619182586669922
2019-06-25 00:00:00-04:00,12.486800193786621
2019-06-26 00:00:00-04:00,12.702991485595703
2019-06-27 00:00:00-04:00,12.812484741210938
2019-06-28 00:00:00-04:00,12.812484741210938
2019-07-01 00:00:00-04:00,12.908528327941895
2019-07-02 00:00:00-04:00,12.879714965820312
2019-07-03 00:00:00-04:00,12.889320373535156
2019-07-05 00:00:00-04:00,12.860506057739258
2019-07-08 00:00:00-04:00,12.716438293457031
2019-07-09 00:00:00-04:00,12.687623977661133
2019-07-10 00:00:00-04:00,12.69722843170166
2019-07-11 00:00:00-04:00,12.687623977661133
2019-07-12 00:00:00-04:00,12.850900650024414
2019-07-15 00:00:00-04:00,12.860506057739258
2019-07-16 00:00:00-04:00,12.918132781982422
2019-07-17 00:00:00-04:00,12.812484741210938
2019-07-18 00:00:00-04:00,12.81344223022461
2019-07-19 00:00:00-04:00,12.898924827575684
2019-07-22 00:00:00-04:00,12.879714965820312
2019-07-23 00:00:00-04:00,13.163049697875977
2019-07-24 00:00:00-04:00,13.302316665649414
2019-07-25 00:00:00-04:00,13.071805953979492
2019-07-26 00:00:00-04:00,13.162088394165039
2019-07-29 00:00:00-04:00,13.081409454345703
2019-07-30 00:00:00-04:00,12.994970321655273
2019-07-31 00:00:00-04:00,12.802877426147461
2019-08-01 00:00:00-04:00,12.581974029541016
2019-08-02 00:00:00-04:00,12.351463317871094
2019-08-05 00:00:00-04:00,11.993213653564453
2019-08-06 00:00:00-04:00,12.078694343566895
2019-08-07 00:00:00-04:00,12.15937328338623
2019-08-08 00:00:00-04:00,12.32745361328125
2019-08-09 00:00:00-04:00,12.178581237792969
2019-08-12 00:00:00-04:00,11.966320991516113
2019-08-13 00:00:00-04:00,12.190107345581055
2019-08-14 00:00:00-04:00,11.736772537231445
2019-08-15 00:00:00-04:00,11.583099365234375
2019-08-16 00:00:00-04:00,11.90965461730957
2019-08-19 00:00:00-04:00,12.06332778930664
2019-08-20 00:00:00-04:00,12.005699157714844
2019-08-21 00:00:00-04:00,12.085416793823242
2019-08-22 00:00:00-04:00,12.044118881225586
2019-08-23 00:00:00-04:00,11.609992980957031
2019-08-26 00:00:00-04:00,11.717562675476074
2019-08-27 00:00:00-04:00,11.707958221435547
2019-08-28 00:00:00-04:00,11.784794807434082
2019-08-29 00:00:00-04:00,11.962479591369629
2019-08-30 00:00:00-04:00,12.020106315612793
2019-09-03 00:00:00-04:00,11.900049209594727
2019-09-04 00:00:00-04:00,12.15841293334961
2019-09-05 00:00:00-04:00,12.48592758178711
2019-09-06 00:00:00-04:00,12.54739761352539
2019-09-09 00:00:00-04:00,12.73564624786377
2019-09-10 00:00:00-04:00,12.870108604431152
2019-09-11 00:00:00-04:00,13.023783683776855
2019-09-12 00:00:00-04:00,13.071805953979492
2019-09-13 00:00:00-04:00,13.18705940246582
2019-09-16 00:00:00-04:00,13.071805953979492
2019-09-17 00:00:00-04:00,12.975760459899902
2019-09-18 00:00:00-04:00,12.94694709777832
2019-09-19 00:00:00-04:00,12.922933578491211
2019-09-20 00:00:00-04:00,12.824969291687012
2019-09-23 00:00:00-04:00,12.812484741210938
2019-09-24 00:00:00-04:00,12.581974029541016
2019-09-25 00:00:00-04:00,12.591577529907227
2019-09-26 00:00:00-04:00,12.69722843170166
2019-09-27 00:00:00-04:00,12.594459533691406
2019-09-30 00:00:00-04:00,12.617508888244629
2019-10-01 00:00:00-04:00,12.439826965332031
2019-10-02 00:00:00-04:00,12.197790145874023
2019-10-03 00:00:00-04:00,12.284231185913086
2019-10-04 00:00:00-04:00,12.378355979919434
2019-10-07 00:00:00-04:00,12.345701217651367
2019-10-08 00:00:00-04:00,12.111350059509277
2019-10-09 00:00:00-04:00,12.223723411560059
2019-10-10 00:00:00-04:00,12.34762191772461
2019-10-11 00:00:00-04:00,12.69722843170166
2019-10-14 00:00:00-04:00,12.629995346069336
2019-10-15 00:00:00-04:00,12.812484741210938
2019-10-16 00:00:00-04:00,12.8076810836792
2019-10-17 00:00:00-04:00,12.898924827575684
2019-10-18 00:00:00-04:00,12.831690788269043
2019-10-21 00:00:00-04:00,12.898924827575684
2019-10-22 00:00:00-04:00,12.956551551818848
2019-10-23 00:00:00-04:00,12.898924827575684
2019-10-24 00:00:00-04:00,12.96711540222168
2019-10-25 00:00:00-04:00,13.167852401733398
2019-10-28 00:00:00-04:00,13.318642616271973
2019-10-29 00:00:00-04:00,13.230281829833984
2019-10-30 00:00:00-04:00,13.235084533691406
2019-10-31 00:00:00-04:00,13.081409454345703
2019-11-01 00:00:00-04:00,13.407964706420898
2019-11-04 00:00:00-05:00,13.696102142333984
2019-11-05 00:00:00-05:00,13.744126319885254
2019-11-06 00:00:00-05:00,13.638473510742188
2019-11-07 00:00:00-05:00,13.859379768371582
2019-11-08 00:00:00-05:00,13.88435173034668
2019-11-11 00:00:00-05:00,13.847855567932129
2019-11-12 00:00:00-05:00,13.801753044128418
2019-11-13 00:00:00-05:00,13.67689323425293
2019-11-14 00:00:00-05:00,13.609663009643555
2019-11-15 00:00:00-05:00,13.73067855834961
2019-11-18 00:00:00-05:00,13.692259788513184
2019-11-19 00:00:00-05:00,13.65288257598877
2019-11-20 00:00:00-05:00,13.499208450317383
2019-11-21 00:00:00-05:00,13.465592384338379
2019-11-22 00:00:00-05:00,13.490564346313477
2019-11-25 00:00:00-05:00,13.686497688293457
2019-11-26 00:00:00-05:00,13.688419342041016
2019-11-27 00:00:00-05:00,13.729718208312988
2019-11-29 00:00:00-05:00,13.580849647521973
2019-12-02 00:00:00-05:00,13.494405746459961
2019-12-03 00:00:00-05:00,13.297513008117676
2019-12-04 00:00:00-05:00,13.427173614501953
2019-12-05 00:00:00-05:00,13.398361206054688
2019-12-06 00:00:00-05:00,13.6048583984375
2019-12-09 00:00:00-05:00,13.552033424377441
2019-12-10 00:00:00-05:00,13.56932258605957
2019-12-11 00:00:00-05:00,13.758530616760254
2019-12-12 00:00:00-05:00,13.998645782470703
2019-12-13 00:00:00-05:00,13.979437828063965
2019-12-16 00:00:00-05:00,14.10429573059082
2019-12-17 00:00:00-05:00,14.157121658325195
2019-12-18 00:00:00-05:00,14.161924362182617
2019-12-19 00:00:00-05:00,14.174410820007324
2019-12-20 00:00:00-05:00,14.20322322845459
2019-12-23 00:00:00-05:00,14.219551086425781
2019-12-24 00:00:00-05:00,14.239720344543457
2019-12-26 00:00:00-05:00,14.330002784729004
2019-12-27 00:00:00-05:00,14.291584968566895
2019-12-30 00:00:00-05:00,14.217280387878418
2019-12-31 00:00:00-05:00,14.274213790893555
2020-01-02 00:00:00-05:00,14.597490310668945
2020-01-03 00:00:00-05:00,14.385189056396484
2020-01-06 00:00:00-05:00,14.383259773254395
2020-01-07 00:00:00-05:00,14.484585762023926
2020-01-08 00:00:00-05:00,14.590733528137207
2020-01-09 00:00:00-05:00,14.614859580993652
2020-01-10 00:00:00-05:00,14.571434020996094
2020-01-13 00:00:00-05:00,14.80785846710205
2020-01-14 00:00:00-05:00,14.851283073425293
2020-01-15 00:00:00-05:00,14.74127197265625
2020-01-16 00:00:00-05:00,14.876371383666992
2020-01-17 00:00:00-05:00,14.986379623413086
2020-01-21 00:00:00-05:00,14.817506790161133
2020-01-22 00:00:00-05:00,14.812684059143066
2020-01-23 00:00:00-05:00,14.797243118286133
2020-01-24 00:00:00-05:00,14.62933349609375
2020-01-27 00:00:00-05:00,14.310885429382324
2020-01-28 00:00:00-05:00,14.49809455871582
2020-01-29 00:00:00-05:00,14.438263893127441
2020-01-30 00:00:00-05:00,14.359134674072266
2020-01-31 00:00:00-05:00,14.077357292175293
2020-02-03 00:00:00-05:00,14.291584968566895
2020-02-04 00:00:00-05:00,14.75574779510498
2020-02-05 00:00:00-05:00,14.92751693725586
2020-02-06 00:00:00-05:00,14.95743179321289
2020-02-07 00:00:00-05:00,14.66793441772461
2020-02-10 00:00:00-05:00,14.836807250976562
2020-02-11 00:00:00-05:00,15.044282913208008
2020-02-12 00:00:00-05:00,15.295182228088379
2020-02-13 00:00:00-05:00,15.198681831359863
2020-02-14 00:00:00-05:00,15.126306533813477
2020-02-18 00:00:00-05:00,15.073230743408203
2020-02-19 00:00:00-05:00,15.319303512573242
2020-02-20 00:00:00-05:00,15.266229629516602
2020-02-21 00:00:00-05:00,14.933307647705078
2020-02-24 00:00:00-05:00,14.252985000610352
2020-02-25 00:00:00-05:00,13.811017990112305
2020-02-26 00:00:00-05:00,13.847687721252441
2020-02-27 00:00:00-05:00,13.198244094848633
2020-02-28 00:00:00-05:00,13.162541389465332
2020-03-02 00:00:00-05:00,13.664338111877441
2020-03-03 00:00:00-05:00,13.384489059448242
2020-03-04 00:00:00-05:00,13.731886863708496
2020-03-05 00:00:00-05:00,13.167364120483398
2020-03-06 00:00:00-05:00,12.877866744995117
2020-03-09 00:00:00-04:00,11.753645896911621
2020-03-10 00:00:00-04:00,12.477395057678223
2020-03-11 00:00:00-04:00,11.785490989685059
2020-03-12 00:00:00-04:00,10.518452644348145
2020-03-13 00:00:00-04:00,11.237373352050781
2020-03-16 00:00:00-04:00,9.891205787658691
2020-03-17 00:00:00-04:00,9.476256370544434
2020-03-18 00:00:00-04:00,9.55345630645752
2020-03-19 00:00:00-04:00,9.728121757507324
2020-03-20 00:00:00-04:00,9.476256370544434
2020-03-23 00:00:00-04:00,9.428007125854492
2020-03-24 00:00:00-04:00,10.421954154968262
2020-03-25 00:00:00-04:00,10.686362266540527
2020-03-26 00:00:00-04:00,11.157279968261719
2020-03-27 00:00:00-04:00,10.846550941467285
2020-03-30 00:00:00-04:00,10.798300743103027
2020-03-31 00:00:00-04:00,10.672850608825684
2020-04-01 00:00:00-04:00,10.151755332946777
2020-04-02 00:00:00-04:00,10.239567756652832
2020-04-03 00:00:00-04:00,10.103504180908203
2020-04-06 00:00:00-04:00,11.015423774719238
2020-04-07 00:00:00-04:00,11.174647331237793
2020-04-08 00:00:00-04:00,11.348347663879395
2020-04-09 00:00:00-04:00,11.51722240447998
2020-04-13 00:00:00-04:00,11.462218284606934
2020-04-14 00:00:00-04:00,11.898395538330078
2020-04-15 00:00:00-04:00,11.468006134033203
2020-04-16 00:00:00-04:00,11.525907516479492
2020-04-17 00:00:00-04:00,11.84628677368164
2020-04-20 00:00:00-04:00,11.63109302520752
2020-04-21 00:00:00-04:00,11.145700454711914
2020-04-22 00:00:00-04:00,11.52204704284668
2020-04-23 00:00:00-04:00,11.531696319580078
2020-04-24 00:00:00-04:00,11.716012001037598
2020-04-27 00:00:00-04:00,12.043145179748535
2020-04-28 00:00:00-04:00,12.011300086975098
2020-04-29 00:00:00-04:00,12.477395057678223
2020-04-30 00:00:00-04:00,12.248688697814941
2020-05-01 00:00:00-04:00,11.717940330505371
2020-05-04 00:00:00-04:00,11.790315628051758
2020-05-05 00:00:00-04:00,11.879096031188965
2020-05-06 00:00:00-04:00,11.879096031188965
2020-05-07 00:00:00-04:00,11.994894981384277
2020-05-08 00:00:00-04:00,12.356768608093262
2020-05-11 00:00:00-04:00,12.438793182373047
2020-05-12 00:00:00-04:00,12.11938190460205
2020-05-13 00:00:00-04:00,11.792247772216797
2020-05-14 00:00:00-04:00,11.933136940002441
2020-05-15 00:00:00-04:00,11.95629596710205
2020-05-18 00:00:00-04:00,12.561347961425781
2020-05-19 00:00:00-04:00,12.519853591918945
2020-05-20 00:00:00-04:00,12.815142631530762
2020-05-21 00:00:00-04:00,12.65591812133789
2020-05-22 00:00:00-04:00,12.62503719329834
2020-05-26 00:00:00-04:00,12.967611312866211
2020-05-27 00:00:00-04:00,13.239740371704102
2020-05-28 00:00:00-04:00,12.959892272949219
2020-05-29 00:00:00-04:00,13.041915893554688
2020-06-01 00:00:00-04:00,13.28895378112793
2020-06-02 00:00:00-04:00,13.423089027404785
2020-06-03 00:00:00-04:00,13.790752410888672
2020-06-04 00:00:00-04:00,13.831281661987305
2020-06-05 00:00:00-04:00,14.297374725341797
2020-06-08 00:00:00-04:00,14.581083297729492
2020-06-09 00:00:00-04:00,14.3745756149292
2020-06-10 00:00:00-04:00,14.436334609985352
2020-06-11 00:00:00-04:00,13.287988662719727
2020-06-12 00:00:00-04:00,13.625739097595215
2020-06-15 00:00:00-04:00,13.712586402893066
2020-06-16 00:00:00-04:00,13.905585289001465
2020-06-17 00:00:00-04:00,13.906551361083984
2020-06-18 00:00:00-04:00,13.904622077941895
2020-06-19 00:00:00-04:00,13.845756530761719
2020-06-22 00:00:00-04:00,13.92778205871582
2020-06-23 00:00:00-04:00,14.095691680908203
2020-06-24 00:00:00-04:00,13.712586402893066
2020-06-25 00:00:00-04:00,13.832245826721191
2020-06-26 00:00:00-04:00,13.54081916809082
2020-06-29 00:00:00-04:00,13.868152618408203
2020-06-30 00:00:00-04:00,14.090897560119629
2020-07-01 00:00:00-04:00,13.994051933288574
2020-07-02 00:00:00-04:00,14.296208381652832
2020-07-06 00:00:00-04:00,14.91407585144043
2020-07-07 00:00:00-04:00,14.691332817077637
2020-07-08 00:00:00-04:00,14.769777297973633
2020-07-09 00:00:00-04:00,14.742659568786621
2020-07-10 00:00:00-04:00,14.991551399230957
2020-07-13 00:00:00-04:00,14.91407585144043
2020-07-14 00:00:00-04:00,15.13003921508789
2020-07-15 00:00:00-04:00,15.417668342590332
2020-07-16 00:00:00-04:00,15.194924354553223
2020-07-17 00:00:00-04:00,15.28692626953125
2020-07-20 00:00:00-04:00,15.545503616333008
2020-07-21 00:00:00-04:00,15.43703556060791
2020-07-22 00:00:00-04:00,15.54356575012207
2020-07-23 00:00:00-04:00,15.330507278442383
2020-07-24 00:00:00-04:00,15.069028854370117
2020-07-27 00:00:00-04:00,15.354718208312988
2020-07-28 00:00:00-04:00,15.156188011169434
2020-07-29 00:00:00-04:00,15.320822715759277
2020-07-30 00:00:00-04:00,15.235600471496582
2020-07-31 00:00:00-04:00,14.991551399230957
2020-08-03 00:00:00-04:00,15.388614654541016
2020-08-04 00:00:00-04:00,15.591987609863281
2020-08-05 00:00:00-04:00,15.737256050109863
2020-08-06 00:00:00-04:00,15.8118257522583
2020-08-07 00:00:00-04:00,15.688833236694336
2020-08-10 00:00:00-04:00,16.00164031982422
2020-08-11 00:00:00-04:00,16.003576278686523
2020-08-12 00:00:00-04:00,16.31832504272461
2020-08-13 00:00:00-04:00,16.076210021972656
2020-08-14 00:00:00-04:00,16.085895538330078
2020-08-17 00:00:00-04:00,16.24568748474121
2020-08-18 00:00:00-04:00,16.192426681518555
2020-08-19 00:00:00-04:00,16.163372039794922
2020-08-20 00:00:00-04:00,16.076210021972656
2020-08-21 00:00:00-04:00,16.027790069580078
2020-08-24 00:00:00-04:00,16.31832504272461
2020-08-25 00:00:00-04:00,16.453903198242188
2020-08-26 00:00:00-04:00,16.628225326538086
2020-08-27 00:00:00-04:00,16.618541717529297
2020-08-28 00:00:00-04:00,16.78317642211914
2020-08-31 00:00:00-04:00,16.812231063842773
2020-09-01 00:00:00-04:00,17.08339500427246
2020-09-02 00:00:00-04:00,17.209293365478516
2020-09-03 00:00:00-04:00,16.492643356323242
2020-09-04 00:00:00-04:00,16.542034149169922
2020-09-08 00:00:00-04:00,16.008420944213867
2020-09-09 00:00:00-04:00,16.328006744384766
2020-09-10 00:00:00-04:00,16.0955810546875
2020-09-11 00:00:00-04:00,16.153688430786133
2020-09-14 00:00:00-04:00,16.560436248779297
2020-09-15 00:00:00-04:00,16.74444007873535
2020-09-16 00:00:00-04:00,16.705703735351562
2020-09-17 00:00:00-04:00,16.628225326538086
2020-09-18 00:00:00-04:00,16.560436248779297
2020-09-21 00:00:00-04:00,16.14884376525879
2020-09-22 00:00:00-04:00,16.172086715698242
2020-09-23 00:00:00-04:00,15.640409469604492
2020-09-24 00:00:00-04:00,15.611359596252441
2020-09-25 00:00:00-04:00,15.772117614746094
2020-09-28 00:00:00-04:00,16.192426681518555
2020-09-29 00:00:00-04:00,16.221477508544922
2020-09-30 00:00:00-04:00,16.398704528808594
2020-10-01 00:00:00-04:00,16.608854293823242
2020-10-02 00:00:00-04:00,16.4732723236084
2020-10-05 00:00:00-04:00,16.938127517700195
2020-10-06 00:00:00-04:00,16.80254364013672
2020-10-07 00:00:00-04:00,17.29645538330078
2020-10-08 00:00:00-04:00,17.432037353515625
2020-10-09 00:00:00-04:00,17.52210235595703
2020-10-12 00:00:00-04:00,17.674150466918945
2020-10-13 00:00:00-04:00,17.548250198364258
2020-10-14 00:00:00-04:00,17.61604118347168
2020-10-15 00:00:00-04:00,17.577302932739258
2020-10-16 00:00:00-04:00,17.577302932739258
2020-10-19 00:00:00-04:00,17.422351837158203
2020-10-20 00:00:00-04:00,17.509511947631836
2020-10-21 00:00:00-04:00,17.528879165649414
2020-10-22 00:00:00-04:00,17.6838321685791
2020-10-23 00:00:00-04:00,17.66446304321289
2020-10-26 00:00:00-04:00,17.32550621032715
2020-10-27 00:00:00-04:00,17.25771713256836
2020-10-28 00:00:00-04:00,16.65727996826172
2020-10-29 00:00:00-04:00,17.134723663330078
2020-10-30 00:00:00-04:00,16.865495681762695
2020-11-02 00:00:00-05:00,17.189924240112305
2020-11-03 00:00:00-05:00,17.703201293945312
2020-11-04 00:00:00-05:00,17.848468780517578
2020-11-05 00:00:00-05:00,18.691015243530273
2020-11-06 00:00:00-05:00,18.729753494262695
2020-11-09 00:00:00-05:00,19.155872344970703
2020-11-10 00:00:00-05:00,19.107450485229492
2020-11-11 00:00:00-05:00,19.320507049560547
2020-11-12 00:00:00-05:00,19.155872344970703
2020-11-13 00:00:00-05:00,19.5916690826416
2020-11-16 00:00:00-05:00,20.172740936279297
2020-11-17 00:00:00-05:00,20.182422637939453
2020-11-18 00:00:00-05:00,20.114633560180664
2020-11-19 00:00:00-05:00,20.26958656311035
2020-11-20 00:00:00-05:00,20.31800651550293
2020-11-23 00:00:00-05:00,20.957181930541992
2020-11-24 00:00:00-05:00,21.431720733642578
2020-11-25 00:00:00-05:00,21.325191497802734
2020-11-27 00:00:00-05:00,21.402666091918945
2020-11-30 00:00:00-05:00,21.1218204498291
2020-12-01 00:00:00-05:00,21.460771560668945
2020-12-02 00:00:00-05:00,21.489830017089844
2020-12-03 00:00:00-05:00,21.57698631286621
2020-12-04 00:00:00-05:00,22.12900161743164
2020-12-07 00:00:00-05:00,22.167739868164062
2020-12-08 00:00:00-05:00,22.409847259521484
2020-12-09 00:00:00-05:00,22.090261459350586
2020-12-10 00:00:00-05:00,22.187108993530273
2020-12-11 00:00:00-05:00,21.84815216064453
2020-12-14 00:00:00-05:00,21.964365005493164
2020-12-15 00:00:00-05:00,22.535749435424805
2020-12-16 00:00:00-05:00,22.487327575683594
2020-12-17 00:00:00-05:00,22.651962280273438
2020-12-18 00:00:00-05:00,22.555116653442383
2020-12-21 00:00:00-05:00,22.526065826416016
2020-12-22 00:00:00-05:00,22.66164779663086
2020-12-23 00:00:00-05:00,22.87470817565918
2020-12-24 00:00:00-05:00,22.855337142944336
2020-12-28 00:00:00-05:00,22.942495346069336
2020-12-29 00:00:00-05:00,22.81659507751465
2020-12-30 00:00:00-05:00,23.23338508605957
2020-12-31 00:00:00-05:00,23.23338508605957
2021-01-04 00:00:00-05:00,23.272153854370117
2021-01-05 00:00:00-05:00,23.834331512451172
2021-01-06 00:00:00-05:00,24.144498825073242
2021-01-07 00:00:00-05:00,25.181615829467773
2021-01-08 00:00:00-05:00,25.685638427734375
2021-01-11 00:00:00-05:00,25.50147247314453
2021-01-12 00:00:00-05:00,26.11211395263672
2021-01-13 00:00:00-05:00,26.092727661132812
2021-01-14 00:00:00-05:00,26.247812271118164
2021-01-15 00:00:00-05:00,25.588706970214844
2021-01-19 00:00:00-05:00,26.393199920654297
2021-01-20 00:00:00-05:00,26.71306037902832
2021-01-21 00:00:00-05:00,26.994150161743164
2021-01-22 00:00:00-05:00,26.90691375732422
2021-01-25 00:00:00-05:00,26.9456844329834
2021-01-26 00:00:00-05:00,26.926301956176758
2021-01-27 00:00:00-05:00,26.063650131225586
2021-01-28 00:00:00-05:00,25.879491806030273
2021-01-29 00:00:00-05:00,25.104074478149414
2021-02-01 00:00:00-05:00,25.782562255859375
2021-02-02 00:00:00-05:00,26.13149642944336
2021-02-03 00:00:00-05:00,26.325353622436523
2021-02-04 00:00:00-05:00,26.45136070251465
2021-02-05 00:00:00-05:00,26.625825881958008
2021-02-08 00:00:00-05:00,27.06199836730957
2021-02-09 00:00:00-05:00,27.129846572875977
2021-02-10 00:00:00-05:00,27.03291893005371
2021-02-11 00:00:00-05:00,27.21708106994629
2021-02-12 00:00:00-05:00,27.362470626831055
2021-02-16 00:00:00-05:00,27.469091415405273
2021-02-17 00:00:00-05:00,27.10076904296875
2021-02-18 00:00:00-05:00,26.5579776763916
2021-02-19 00:00:00-05:00,27.10076904296875
2021-02-22 00:00:00-05:00,26.606441497802734
2021-02-23 00:00:00-05:00,26.267196655273438
2021-02-24 00:00:00-05:00,26.887529373168945
2021-02-25 00:00:00-05:00,25.743789672851562
2021-02-26 00:00:00-05:00,25.685638427734375
2021-03-01 00:00:00-05:00,26.606441497802734
2021-03-02 00:00:00-05:00,26.18965721130371
2021-03-03 00:00:00-05:00,25.792259216308594
2021-03-04 00:00:00-05:00,24.852062225341797
2021-03-05 00:00:00-05:00,25.327007293701172
2021-03-08 00:00:00-05:00,24.9683780670166
2021-03-09 00:00:00-05:00,25.70502471923828
2021-03-10 00:00:00-05:00,25.80194854736328
2021-03-11 00:00:00-05:00,26.519207000732422
2021-03-12 00:00:00-05:00,26.48043441772461
2021-03-15 00:00:00-04:00,26.64521026611328
2021-03-16 00:00:00-04:00,26.5579776763916
2021-03-17 00:00:00-04:00,26.916606903076172
2021-03-18 00:00:00-04:00,26.170270919799805
2021-03-19 00:00:00-04:00,26.209041595458984
2021-03-22 00:00:00-04:00,26.228425979614258
2021-03-23 00:00:00-04:00,25.375469207763672
2021-03-24 00:00:00-04:00,24.77452278137207
2021-03-25 00:00:00-04:00,24.958681106567383
2021-03-26 00:00:00-04:00,25.511167526245117
2021-03-29 00:00:00-04:00,25.142847061157227
2021-03-30 00:00:00-04:00,25.50147247314453
2021-03-31 00:00:00-04:00,25.72440528869629
2021-04-01 00:00:00-04:00,26.170270919799805
2021-04-05 00:00:00-04:00,26.683984756469727
2021-04-06 00:00:00-04:00,26.528900146484375
2021-04-07 00:00:00-04:00,26.35443115234375
2021-04-08 00:00:00-04:00,26.48043441772461
2021-04-09 00:00:00-04:00,26.538591384887695
2021-04-12 00:00:00-04:00,26.393199920654297
2021-04-13 00:00:00-04:00,26.461050033569336
2021-04-14 00:00:00-04:00,26.538591384887695
2021-04-15 00:00:00-04:00,26.742137908935547
2021-04-16 00:00:00-04:00,26.8972225189209
2021-04-19 00:00:00-04:00,26.635520935058594
2021-04-20 00:00:00-04:00,26.11211395263672
2021-04-21 00:00:00-04:00,26.5095157623291
2021-04-22 00:00:00-04:00,26.257503509521484
2021-04-23 00:00:00-04:00,26.751832962036133
2021-04-26 00:00:00-04:00,27.023225784301758
2021-04-27 00:00:00-04:00,26.9456844329834
2021-04-28 00:00:00-04:00,26.829374313354492
2021-04-29 00:00:00-04:00,26.57736587524414
2021-04-30 00:00:00-04:00,26.121807098388672
2021-05-03 00:00:00-04:00,26.092727661132812
2021-05-04 00:00:00-04:00,25.64686393737793
2021-05-05 00:00:00-04:00,25.98611068725586
2021-05-06 00:00:00-04:00,26.024879455566406
2021-05-07 00:00:00-04:00,26.402894973754883
2021-05-10 00:00:00-04:00,25.782562255859375
2021-05-11 00:00:00-04:00,25.579017639160156
2021-05-12 00:00:00-04:00,24.764827728271484
2021-05-13 00:00:00-04:00,25.045917510986328
2021-05-14 00:00:00-04:00,25.579017639160156
2021-05-17 00:00:00-04:00,25.530553817749023
2021-05-18 00:00:00-04:00,25.491783142089844
2021-05-19 00:00:00-04:00,25.28823471069336
2021-05-20 00:00:00-04:00,25.695327758789062
2021-05-21 00:00:00-04:00,25.80194854736328
2021-05-24 00:00:00-04:00,26.13149642944336
2021-05-25 00:00:00-04:00,25.976415634155273
2021-05-26 00:00:00-04:00,26.286582946777344
2021-05-27 00:00:00-04:00,26.693675994873047
2021-05-28 00:00:00-04:00,26.81968116760254
2021-06-01 00:00:00-04:00,27.197694778442383
2021-06-02 00:00:00-04:00,27.362470626831055
2021-06-03 00:00:00-04:00,27.30431365966797
2021-06-04 00:00:00-04:00,27.624174118041992
2021-06-07 00:00:00-04:00,27.6435604095459
2021-06-08 00:00:00-04:00,27.70171546936035
2021-06-09 00:00:00-04:00,27.469091415405273
2021-06-10 00:00:00-04:00,27.34308433532715
2021-06-11 00:00:00-04:00,27.585403442382812
2021-06-14 00:00:00-04:00,27.50786018371582
2021-06-15 00:00:00-04:00,27.33339500427246
2021-06-16 00:00:00-04:00,27.06199836730957
2021-06-17 00:00:00-04:00,26.916606903076172
2021-06-18 00:00:00-04:00,26.393199920654297
2021-06-21 00:00:00-04:00,26.693675994873047
2021-06-22 00:00:00-04:00,26.85845184326172
2021-06-23 00:00:00-04:00,27.003843307495117
2021-06-24 00:00:00-04:00,27.34308433532715
2021-06-25 00:00:00-04:00,27.246158599853516
2021-06-28 00:00:00-04:00,27.410934448242188
2021-06-29 00:00:00-04:00,27.466293334960938
2021-06-30 00:00:00-04:00,27.495431900024414
2021-07-01 00:00:00-04:00,27.51485824584961
2021-07-02 00:00:00-04:00,27.592552185058594
2021-07-06 00:00:00-04:00,27.291473388671875
2021-07-07 00:00:00-04:00,27.02924156188965
2021-07-08 00:00:00-04:00,26.699024200439453
2021-07-09 00:00:00-04:00,27.2623348236084
2021-07-12 00:00:00-04:00,27.51485824584961
2021-07-13 00:00:00-04:00,27.281763076782227
2021-07-14 00:00:00-04:00,27.165212631225586
2021-07-15 00:00:00-04:00,26.864133834838867
2021-07-16 00:00:00-04:00,26.397947311401367
2021-07-19 00:00:00-04:00,25.95117950439453
2021-07-20 00:00:00-04:00,26.485355377197266
2021-07-21 00:00:00-04:00,27.038955688476562
2021-07-22 00:00:00-04:00,26.922405242919922
2021-07-23 00:00:00-04:00,27.087514877319336
2021-07-26 00:00:00-04:00,27.223487854003906
2021-07-27 00:00:00-04:00,26.83499526977539
2021-07-28 00:00:00-04:00,27.281763076782227
2021-07-29 00:00:00-04:00,27.825647354125977
2021-07-30 00:00:00-04:00,27.747949600219727
2021-08-02 00:00:00-04:00,27.806224822998047
2021-08-03 00:00:00-04:00,27.94219398498535
2021-08-04 00:00:00-04:00,27.747949600219727
2021-08-05 00:00:00-04:00,28.05874252319336
2021-08-06 00:00:00-04:00,28.05874252319336
2021-08-09 00:00:00-04:00,28.13644027709961
2021-08-10 00:00:00-04:00,28.233562469482422
2021-08-11 00:00:00-04:00,28.301549911499023
2021-08-12 00:00:00-04:00,28.311260223388672
2021-08-13 00:00:00-04:00,28.068452835083008
2021-08-16 00:00:00-04:00,27.72852325439453
2021-08-17 00:00:00-04:00,27.068090438842773
2021-08-18 00:00:00-04:00,27.038955688476562
2021-08-19 00:00:00-04:00,26.485355377197266
2021-08-20 00:00:00-04:00,26.582477569580078
2021-08-23 00:00:00-04:00,27.194351196289062
2021-08-24 00:00:00-04:00,27.495431900024414
2021-08-25 00:00:00-04:00,27.61197853088379
2021-08-26 00:00:00-04:00,27.2623348236084
2021-08-27 00:00:00-04:00,27.747949600219727
2021-08-30 00:00:00-04:00,27.883920669555664
2021-08-31 00:00:00-04:00,27.913057327270508
2021-09-01 00:00:00-04:00,28.049028396606445
2021-09-02 00:00:00-04:00,28.010181427001953
2021-09-03 00:00:00-04:00,28.019895553588867
2021-09-07 00:00:00-04:00,28.000469207763672
2021-09-08 00:00:00-04:00,27.53428077697754
2021-09-09 00:00:00-04:00,27.55370330810547
2021-09-10 00:00:00-04:00,27.427444458007812
2021-09-13 00:00:00-04:00,27.582841873168945
2021-09-14 00:00:00-04:00,27.524568557739258
2021-09-15 00:00:00-04:00,27.85478401184082
2021-09-16 00:00:00-04:00,27.53428077697754
2021-09-17 00:00:00-04:00,27.281763076782227
2021-09-20 00:00:00-04:00,26.407657623291016
2021-09-21 00:00:00-04:00,26.514490127563477
2021-09-22 00:00:00-04:00,27.048667907714844
2021-09-23 00:00:00-04:00,27.55370330810547
2021-09-24 00:00:00-04:00,27.398305892944336
2021-09-27 00:00:00-04:00,27.543994903564453
2021-09-28 00:00:00-04:00,26.922405242919922
2021-09-29 00:00:00-04:00,26.747587203979492
2021-09-30 00:00:00-04:00,26.631040573120117
2021-10-01 00:00:00-04:00,26.640750885009766
2021-10-04 00:00:00-04:00,26.174562454223633
2021-10-05 00:00:00-04:00,26.465930938720703
2021-10-06 00:00:00-04:00,26.300823211669922
2021-10-07 00:00:00-04:00,26.902982711791992
2021-10-08 00:00:00-04:00,26.922405242919922
2021-10-11 00:00:00-04:00,26.941829681396484
2021-10-12 00:00:00-04:00,26.980682373046875
2021-10-13 00:00:00-04:00,27.301185607910156
2021-10-14 00:00:00-04:00,27.76737403869629
2021-10-15 00:00:00-04:00,28.000469207763672
2021-10-18 00:00:00-04:00,28.126728057861328
2021-10-19 00:00:00-04:00,28.27241325378418
2021-10-20 00:00:00-04:00,28.34039878845215
2021-10-21 00:00:00-04:00,28.43752098083496
2021-10-22 00:00:00-04:00,28.117015838623047
2021-10-25 00:00:00-04:00,28.69004249572754
2021-10-26 00:00:00-04:00,28.622055053710938
2021-10-27 00:00:00-04:00,28.45694351196289
2021-10-28 00:00:00-04:00,29.068819046020508
2021-10-29 00:00:00-04:00,29.224214553833008
2021-11-01 00:00:00-04:00,29.904075622558594
2021-11-02 00:00:00-04:00,29.972063064575195
2021-11-03 00:00:00-04:00,30.35083770751953
2021-11-04 00:00:00-04:00,30.758752822875977
2021-11-05 00:00:00-04:00,30.865589141845703
2021-11-08 00:00:00-05:00,31.186094284057617
2021-11-09 00:00:00-05:00,30.78788948059082
2021-11-10 00:00:00-05:00,30.176015853881836
2021-11-11 00:00:00-05:00,30.681053161621094
2021-11-12 00:00:00-05:00,30.962711334228516
2021-11-15 00:00:00-05:00,30.71019172668457
2021-11-16 00:00:00-05:00,31.01127052307129
2021-11-17 00:00:00-05:00,30.817028045654297
2021-11-18 00:00:00-05:00,30.797603607177734
2021-11-19 00:00:00-05:00,30.836450576782227
2021-11-22 00:00:00-05:00,30.846162796020508
2021-11-23 00:00:00-05:00,30.71990394592285
2021-11-24 00:00:00-05:00,30.70047950744629
2021-11-26 00:00:00-05:00,29.719539642333984
2021-11-29 00:00:00-05:00,30.020618438720703
2021-11-30 00:00:00-05:00,29.61270523071289
2021-12-01 00:00:00-05:00,29.253353118896484
2021-12-02 00:00:00-05:00,29.544719696044922
2021-12-03 00:00:00-05:00,28.86486053466797
2021-12-06 00:00:00-05:00,29.11737823486328
2021-12-07 00:00:00-05:00,30.020618438720703
2021-12-08 00:00:00-05:00,30.078893661499023
2021-12-09 00:00:00-05:00,29.496158599853516
2021-12-10 00:00:00-05:00,29.709829330444336
2021-12-13 00:00:00-05:00,29.068819046020508
2021-12-14 00:00:00-05:00,28.78716278076172
2021-12-15 00:00:00-05:00,29.30191421508789
2021-12-16 00:00:00-05:00,28.69975471496582
2021-12-17 00:00:00-05:00,28.49579620361328
2021-12-20 00:00:00-05:00,27.806224822998047
2021-12-21 00:00:00-05:00,28.5734920501709
2021-12-22 00:00:00-05:00,28.971694946289062
2021-12-23 00:00:00-05:00,29.437883377075195
2021-12-27 00:00:00-05:00,29.89436149597168
2021-12-28 00:00:00-05:00,29.709829330444336
2021-12-29 00:00:00-05:00,29.729251861572266
2021-12-30 00:00:00-05:00,29.731197357177734
2021-12-31 00:00:00-05:00,29.692296981811523
2022-01-03 00:00:00-05:00,30.353633880615234
2022-01-04 00:00:00-05:00,30.684307098388672
2022-01-05 00:00:00-05:00,29.97433853149414
2022-01-06 00:00:00-05:00,29.90625762939453
2022-01-07 00:00:00-05:00,29.731197357177734
2022-01-10 00:00:00-05:00,29.58531379699707
2022-01-11 00:00:00-05:00,30.052143096923828
2022-01-12 00:00:00-05:00,30.34391212463379
2022-01-13 00:00:00-05:00,30.120222091674805
2022-01-14 00:00:00-05:00,30.23693084716797
2022-01-18 00:00:00-05:00,29.48805809020996
2022-01-19 00:00:00-05:00,28.79754066467285
2022-01-20 00:00:00-05:00,28.282079696655273
2022-01-21 00:00:00-05:00,27.552661895751953
2022-01-24 00:00:00-05:00,27.426227569580078
2022-01-25 00:00:00-05:00,26.803787231445312
2022-01-26 00:00:00-05:00,26.842689514160156
2022-01-27 00:00:00-05:00,26.07436752319336
2022-01-28 00:00:00-05:00,26.35641098022461
2022-01-31 00:00:00-05:00,27.465129852294922
2022-02-01 00:00:00-05:00,27.86387825012207
2022-02-02 00:00:00-05:00,27.854150772094727
2022-02-03 00:00:00-05:00,26.97884750366211
2022-02-04 00:00:00-05:00,27.231714248657227
2022-02-07 00:00:00-05:00,27.01775360107422
2022-02-08 00:00:00-05:00,27.523481369018555
2022-02-09 00:00:00-05:00,28.389062881469727
2022-02-10 00:00:00-05:00,27.854150772094727
2022-02-11 00:00:00-05:00,26.94967269897461
2022-02-14 00:00:00-05:00,26.910770416259766
2022-02-15 00:00:00-05:00,28.107019424438477
2022-02-16 00:00:00-05:00,28.243179321289062
2022-02-17 00:00:00-05:00,27.494306564331055
2022-02-18 00:00:00-05:00,27.037202835083008
2022-02-22 00:00:00-05:00,26.35641098022461
2022-02-23 00:00:00-05:00,25.850677490234375
2022-02-24 00:00:00-05:00,26.16189956665039
2022-02-25 00:00:00-05:00,26.70652961730957
2022-02-28 00:00:00-05:00,26.67735481262207
2022-03-01 00:00:00-05:00,25.947933197021484
2022-03-02 00:00:00-05:00,26.288331985473633
2022-03-03 00:00:00-05:00,25.840953826904297
2022-03-04 00:00:00-05:00,24.839216232299805
2022-03-07 00:00:00-05:00,23.633235931396484
2022-03-08 00:00:00-05:00,23.973636627197266
2022-03-09 00:00:00-05:00,24.99482536315918
2022-03-10 00:00:00-05:00,24.73223304748535
2022-03-11 00:00:00-05:00,24.12924575805664
2022-03-14 00:00:00-04:00,23.312292098999023
2022-03-15 00:00:00-04:00,23.905555725097656
2022-03-16 00:00:00-04:00,25.344945907592773
2022-03-17 00:00:00-04:00,25.52973175048828
2022-03-18 00:00:00-04:00,26.103544235229492
2022-03-21 00:00:00-04:00,25.91875648498535
2022-03-22 00:00:00-04:00,26.3758602142334
2022-03-23 00:00:00-04:00,26.19107437133789
2022-03-24 00:00:00-04:00,26.774612426757812
2022-03-25 00:00:00-04:00,26.609275817871094
2022-03-28 00:00:00-04:00,26.667631149291992
2022-03-29 00:00:00-04:00,27.581838607788086
2022-03-30 00:00:00-04:00,27.34842300415039
2022-03-31 00:00:00-04:00,26.803787231445312
2022-04-01 00:00:00-04:00,26.803787231445312
2022-04-04 00:00:00-04:00,27.523481369018555
2022-04-05 00:00:00-04:00,26.443941116333008
2022-04-06 00:00:00-04:00,25.588085174560547
2022-04-07 00:00:00-04:00,25.461652755737305
2022-04-08 00:00:00-04:00,25.024002075195312
2022-04-11 00:00:00-04:00,24.683605194091797
2022-04-12 00:00:00-04:00,24.49881935119629
2022-04-13 00:00:00-04:00,25.062902450561523
2022-04-14 00:00:00-04:00,24.673879623413086
2022-04-18 00:00:00-04:00,24.615524291992188
2022-04-19 00:00:00-04:00,25.267141342163086
2022-04-20 00:00:00-04:00,25.11153221130371
2022-04-21 00:00:00-04:00,24.4501895904541
2022-04-22 00:00:00-04:00,23.788846969604492
2022-04-25 00:00:00-04:00,23.895828247070312
2022-04-26 00:00:00-04:00,22.99134635925293
2022-04-27 00:00:00-04:00,23.108057022094727
2022-04-28 00:00:00-04:00,23.82775115966797
2022-04-29 00:00:00-04:00,23.46790313720703
2022-05-02 00:00:00-04:00,23.74022102355957
2022-05-03 00:00:00-04:00,24.0319881439209
2022-05-04 00:00:00-04:00,24.93646812438965
2022-05-05 00:00:00-04:00,23.76939582824707
2022-05-06 00:00:00-04:00,23.3511962890625
2022-05-09 00:00:00-04:00,22.0771427154541
2022-05-10 00:00:00-04:00,22.1354923248291
2022-05-11 00:00:00-04:00,21.5422306060791
2022-05-12 00:00:00-04:00,21.59086036682129
2022-05-13 00:00:00-04:00,22.56342124938965
2022-05-16 00:00:00-04:00,22.349456787109375
2022-05-17 00:00:00-04:00,23.253938674926758
2022-05-18 00:00:00-04:00,22.514793395996094
2022-05-19 00:00:00-04:00,22.748207092285156
2022-05-20 00:00:00-04:00,22.56342124938965
2022-05-23 00:00:00-04:00,22.95244789123535
2022-05-24 00:00:00-04:00,22.446714401245117
2022-05-25 00:00:00-04:00,22.514793395996094
2022-05-26 00:00:00-04:00,23.613786697387695
2022-05-27 00:00:00-04:00,24.352933883666992
2022-05-31 00:00:00-04:00,24.33348274230957
2022-06-01 00:00:00-04:00,23.74022102355957
2022-06-02 00:00:00-04:00,24.63497543334961
2022-06-03 00:00:00-04:00,23.925006866455078
2022-06-06 00:00:00-04:00,24.15842056274414
2022-06-07 00:00:00-04:00,24.275127410888672
2022-06-08 00:00:00-04:00,24.0319881439209
2022-06-09 00:00:00-04:00,23.429000854492188
2022-06-10 00:00:00-04:00,22.660675048828125
2022-06-13 00:00:00-04:00,21.376895904541016
2022-06-14 00:00:00-04:00,21.474153518676758
2022-06-15 00:00:00-04:00,21.979883193969727
2022-06-16 00:00:00-04:00,20.890615463256836
2022-06-17 00:00:00-04:00,21.075403213500977
2022-06-21 00:00:00-04:00,21.69784164428711
2022-06-22 00:00:00-04:00,21.581132888793945
2022-06-23 00:00:00-04:00,21.59086036682129
2022-06-24 00:00:00-04:00,22.20357322692871
2022-06-27 00:00:00-04:00,22.20357322692871
2022-06-28 00:00:00-04:00,21.804824829101562
2022-06-29 00:00:00-04:00,21.216508865356445
2022-06-30 00:00:00-04:00,20.981962203979492
2022-07-01 00:00:00-04:00,20.90378189086914
2022-07-05 00:00:00-04:00,20.854917526245117
2022-07-06 00:00:00-04:00,20.688783645629883
2022-07-07 00:00:00-04:00,21.548776626586914
2022-07-08 00:00:00-04:00,21.705142974853516
2022-07-11 00:00:00-04:00,20.99173355102539
2022-07-12 00:00:00-04:00,21.001508712768555
2022-07-13 00:00:00-04:00,21.050373077392578
2022-07-14 00:00:00-04:00,20.981962203979492
2022-07-15 00:00:00-04:00,21.34355354309082
2022-07-18 00:00:00-04:00,21.39241600036621
2022-07-19 00:00:00-04:00,22.1253662109375
2022-07-20 00:00:00-04:00,22.438093185424805
2022-07-21 00:00:00-04:00,22.77036476135254
2022-07-22 00:00:00-04:00,22.242639541625977
2022-07-25 00:00:00-04:00,22.34036636352539
2022-07-26 00:00:00-04:00,21.969005584716797
2022-07-27 00:00:00-04:00,22.72150230407715
2022-07-28 00:00:00-04:00,23.21013641357422
2022-07-29 00:00:00-04:00,23.532634735107422
2022-08-01 00:00:00-04:00,23.620588302612305
2022-08-02 00:00:00-04:00,23.669450759887695
2022-08-03 00:00:00-04:00,24.148313522338867
2022-08-04 00:00:00-04:00,24.1580867767334
2022-08-05 00:00:00-04:00,24.050588607788086
2022-08-08 00:00:00-04:00,24.25581169128418
2022-08-09 00:00:00-04:00,23.688997268676758
2022-08-10 00:00:00-04:00,24.62717628479004
2022-08-11 00:00:00-04:00,24.822628021240234
2022-08-12 00:00:00-04:00,25.448081970214844
2022-08-15 00:00:00-04:00,25.516490936279297
2022-08-16 00:00:00-04:00,25.321035385131836
2022-08-17 00:00:00-04:00,24.705358505249023
2022-08-18 00:00:00-04:00,24.783540725708008
2022-08-19 00:00:00-04:00,24.060359954833984
2022-08-22 00:00:00-04:00,23.327409744262695
2022-08-23 00:00:00-04:00,23.522863388061523
2022-08-24 00:00:00-04:00,23.855133056640625
2022-08-25 00:00:00-04:00,24.441495895385742
2022-08-26 00:00:00-04:00,23.561952590942383
2022-08-29 00:00:00-04:00,23.493545532226562
2022-08-30 00:00:00-04:00,23.122180938720703
2022-08-31 00:00:00-04:00,22.99513816833496
2022-09-01 00:00:00-04:00,22.49673080444336
2022-09-02 00:00:00-04:00,22.252412796020508
2022-09-06 00:00:00-04:00,22.037412643432617
2022-09-07 00:00:00-04:00,22.594459533691406
2022-09-08 00:00:00-04:00,22.819229125976562
2022-09-09 00:00:00-04:00,23.51308822631836
2022-09-12 00:00:00-04:00,23.816043853759766
2022-09-13 00:00:00-04:00,22.819229125976562
2022-09-14 00:00:00-04:00,22.9658203125
2022-09-15 00:00:00-04:00,22.741046905517578
2022-09-16 00:00:00-04:00,22.477182388305664
2022-09-19 00:00:00-04:00,22.858318328857422
2022-09-20 00:00:00-04:00,22.35991096496582
2022-09-21 00:00:00-04:00,21.959232330322266
2022-09-22 00:00:00-04:00,21.441280364990234
2022-09-23 00:00:00-04:00,20.62037467956543
2022-09-26 00:00:00-04:00,20.366283416748047
2022-09-27 00:00:00-04:00,20.464012145996094
2022-09-28 00:00:00-04:00,20.87446403503418
2022-09-29 00:00:00-04:00,20.014467239379883
2022-09-30 00:00:00-04:00,19.66265106201172
2022-10-03 00:00:00-04:00,20.278329849243164
2022-10-04 00:00:00-04:00,21.245826721191406
2022-10-05 00:00:00-04:00,20.942873001098633
2022-10-06 00:00:00-04:00,20.747419357299805
2022-10-07 00:00:00-04:00,20.043785095214844
2022-10-10 00:00:00-04:00,19.701740264892578
2022-10-11 00:00:00-04:00,19.418333053588867
2022-10-12 00:00:00-04:00,19.252197265625
2022-10-13 00:00:00-04:00,19.66265106201172
2022-10-14 00:00:00-04:00,18.949243545532227
2022-10-17 00:00:00-04:00,19.643104553222656
2022-10-18 00:00:00-04:00,19.819013595581055
2022-10-19 00:00:00-04:00,19.72128677368164
2022-10-20 00:00:00-04:00,19.613786697387695
2022-10-21 00:00:00-04:00,20.297874450683594
2022-10-24 00:00:00-04:00,20.18060302734375
2022-10-25 00:00:00-04:00,20.87446403503418
2022-10-26 00:00:00-04:00,20.776737213134766
2022-10-27 00:00:00-04:00,20.551965713500977
2022-10-28 00:00:00-04:00,20.88423728942871
2022-10-31 00:00:00-04:00,20.815826416015625
2022-11-01 00:00:00-04:00,20.923324584960938
2022-11-02 00:00:00-04:00,20.297874450683594
2022-11-03 00:00:00-04:00,20.161054611206055
2022-11-04 00:00:00-04:00,20.923324584960938
2022-11-07 00:00:00-05:00,21.069917678833008
2022-11-08 00:00:00-05:00,21.294689178466797
2022-11-09 00:00:00-05:00,20.591054916381836
2022-11-10 00:00:00-05:00,22.154685974121094
2022-11-11 00:00:00-05:00,22.858318328857422
2022-11-14 00:00:00-05:00,22.53582191467285
2022-11-15 00:00:00-05:00,22.662864685058594
2022-11-16 00:00:00-05:00,22.105823516845703
2022-11-17 00:00:00-05:00,21.88104820251465
2022-11-18 00:00:00-05:00,21.969005584716797
2022-11-21 00:00:00-05:00,21.685596466064453
2022-11-22 00:00:00-05:00,21.969005584716797
2022-11-23 00:00:00-05:00,22.203550338745117
2022-11-25 00:00:00-05:00,21.988548278808594
2022-11-28 00:00:00-05:00,21.431507110595703
2022-11-29 00:00:00-05:00,21.56832504272461
2022-11-30 00:00:00-05:00,22.53582191467285
2022-12-01 00:00:00-05:00,22.545591354370117
2022-12-02 00:00:00-05:00,22.682409286499023
2022-12-05 00:00:00-05:00,22.056957244873047
2022-12-06 00:00:00-05:00,21.519460678100586
2022-12-07 00:00:00-05:00,21.548776626586914
2022-12-08 00:00:00-05:00,21.597640991210938
2022-12-09 00:00:00-05:00,21.431507110595703
2022-12-12 00:00:00-05:00,21.58786964416504
2022-12-13 00:00:00-05:00,21.83218765258789
2022-12-14 00:00:00-05:00,21.724685668945312
2022-12-15 00:00:00-05:00,20.91355323791504
2022-12-16 00:00:00-05:00,20.67901039123535
2022-12-19 00:00:00-05:00,20.278329849243164
2022-12-20 00:00:00-05:00,20.20992088317871
2022-12-21 00:00:00-05:00,20.366283416748047
2022-12-22 00:00:00-05:00,19.77014923095703
2022-12-23 00:00:00-05:00,19.77014923095703
2022-12-27 00:00:00-05:00,19.447650909423828
2022-12-28 00:00:00-05:00,19.095834732055664
2022-12-29 00:00:00-05:00,19.685413360595703
2022-12-30 00:00:00-05:00,19.557456970214844
2023-01-03 00:00:00-05:00,19.606672286987305
2023-01-04 00:00:00-05:00,19.961008071899414
2023-01-05 00:00:00-05:00,19.882266998291016
2023-01-06 00:00:00-05:00,20.57125473022461
2023-01-09 00:00:00-05:00,20.86653709411621
2023-01-10 00:00:00-05:00,21.24056053161621
2023-01-11 00:00:00-05:00,21.594898223876953
2023-01-12 00:00:00-05:00,22.04766082763672
2023-01-13 00:00:00-05:00,21.959075927734375
2023-01-17 00:00:00-05:00,22.037818908691406
2023-01-18 00:00:00-05:00,21.86064910888672
2023-01-19 00:00:00-05:00,21.516155242919922
2023-01-20 00:00:00-05:00,22.04766082763672
2023-01-23 00:00:00-05:00,22.736652374267578
2023-01-24 00:00:00-05:00,22.65791130065918
2023-01-25 00:00:00-05:00,22.785865783691406
2023-01-26 00:00:00-05:00,23.19925880432129
2023-01-27 00:00:00-05:00,23.49454116821289
2023-01-30 00:00:00-05:00,22.953189849853516
2023-01-31 00:00:00-05:00,23.38627052307129
2023-02-01 00:00:00-05:00,24.006359100341797
2023-02-02 00:00:00-05:00,24.537866592407227
2023-02-03 00:00:00-05:00,24.1441593170166
2023-02-06 00:00:00-05:00,23.78982162475586
2023-02-07 00:00:00-05:00,24.13431739807129
2023-02-08 00:00:00-05:00,23.799663543701172
2023-02-09 00:00:00-05:00,23.681550979614258
2023-02-10 00:00:00-05:00,23.356740951538086
2023-02-13 00:00:00-05:00,23.602807998657227
2023-02-14 00:00:00-05:00,23.907934188842773
2023-02-15 00:00:00-05:00,24.203214645385742
2023-02-16 00:00:00-05:00,23.888248443603516
2023-02-17 00:00:00-05:00,23.681550979614258
2023-02-21 00:00:00-05:00,22.874448776245117
2023-02-22 00:00:00-05:00,22.815393447875977
2023-02-23 00:00:00-05:00,23.100830078125
2023-02-24 00:00:00-05:00,22.638225555419922
2023-02-27 00:00:00-05:00,22.953189849853516
2023-02-28 00:00:00-05:00,23.012245178222656
2023-03-01 00:00:00-05:00,23.081146240234375
2023-03-02 00:00:00-05:00,23.090986251831055
2023-03-03 00:00:00-05:00,23.809507369995117
2023-03-06 00:00:00-05:00,23.533910751342773
2023-03-07 00:00:00-05:00,22.933504104614258
2023-03-08 00:00:00-05:00,23.16973304748535
2023-03-09 00:00:00-05:00,22.55948257446289
2023-03-10 00:00:00-05:00,22.087032318115234
2023-03-13 00:00:00-04:00,21.96891975402832
2023-03-14 00:00:00-04:00,22.214988708496094
2023-03-15 00:00:00-04:00,21.713010787963867
2023-03-16 00:00:00-04:00,22.195302963256836
2023-03-17 00:00:00-04:00,21.83112335205078
2023-03-20 00:00:00-04:00,21.99844741821289
2023-03-21 00:00:00-04:00,22.50042724609375
2023-03-22 00:00:00-04:00,22.165775299072266
2023-03-23 00:00:00-04:00,22.362627029418945
2023-03-24 00:00:00-04:00,22.23467445373535
2023-03-27 00:00:00-04:00,22.244516372680664
2023-03-28 00:00:00-04:00,22.333101272583008
2023-03-29 00:00:00-04:00,22.85476303100586
2023-03-30 00:00:00-04:00,23.081146240234375
2023-03-31 00:00:00-04:00,23.465011596679688
2023-04-03 00:00:00-04:00,23.297685623168945
2023-04-04 00:00:00-04:00,22.90397834777832
2023-04-05 00:00:00-04:00,22.382314682006836
2023-04-06 00:00:00-04:00,22.323257446289062
2023-04-10 00:00:00-04:00,22.490583419799805
2023-04-11 00:00:00-04:00,22.618539810180664
2023-04-12 00:00:00-04:00,22.382314682006836
2023-04-13 00:00:00-04:00,22.726808547973633
2023-04-14 00:00:00-04:00,22.677597045898438
2023-04-17 00:00:00-04:00,22.85476303100586
2023-04-18 00:00:00-04:00,22.90397834777832
2023-04-19 00:00:00-04:00,22.65791130065918
2023-04-20 00:00:00-04:00,22.116561889648438
2023-04-21 00:00:00-04:00,21.93939208984375
2023-04-24 00:00:00-04:00,22.02797508239746
2023-04-25 00:00:00-04:00,21.471864700317383
2023-04-26 00:00:00-04:00,21.48662757873535
2023-04-27 00:00:00-04:00,21.85080909729004
2023-04-28 00:00:00-04:00,22.04766082763672
2023-05-01 00:00:00-04:00,21.978761672973633
2023-05-02 00:00:00-04:00,21.78190803527832
2023-05-03 00:00:00-04:00,21.703166961669922
2023-05-04 00:00:00-04:00,21.575210571289062
2023-05-05 00:00:00-04:00,22.264202117919922
2023-05-08 00:00:00-04:00,22.402000427246094
2023-05-09 00:00:00-04:00,22.25436019897461
2023-05-10 00:00:00-04:00,22.411842346191406
2023-05-11 00:00:00-04:00,22.411842346191406
2023-05-12 00:00:00-04:00,22.214988708496094
2023-05-15 00:00:00-04:00,22.470897674560547
2023-05-16 00:00:00-04:00,22.323257446289062
2023-05-17 00:00:00-04:00,22.825237274169922
2023-05-18 00:00:00-04:00,23.051616668701172
2023-05-19 00:00:00-04:00,23.02701187133789
2023-05-22 00:00:00-04:00,23.41579818725586
2023-05-23 00:00:00-04:00,22.99256134033203
2023-05-24 00:00:00-04:00,22.529953002929688
2023-05-25 00:00:00-04:00,22.805551528930664
2023-05-26 00:00:00-04:00,23.36658477783203
2023-05-30 00:00:00-04:00,23.455167770385742
2023-05-31 00:00:00-04:00,23.04177474975586
2023-06-01 00:00:00-04:00,23.465011596679688
2023-06-02 00:00:00-04:00,24.055574417114258
2023-06-05 00:00:00-04:00,23.878406524658203
2023-06-06 00:00:00-04:00,24.488651275634766
2023-06-07 00:00:00-04:00,24.43943977355957
2023-06-08 00:00:00-04:00,24.62645149230957
2023-06-09 00:00:00-04:00,24.685508728027344
2023-06-12 00:00:00-04:00,25.039844512939453
2023-06-13 00:00:00-04:00,25.758363723754883
2023-06-14 00:00:00-04:00,25.768205642700195
2023-06-15 00:00:00-04:00,26.033958435058594
2023-06-16 00:00:00-04:00,25.797733306884766
2023-06-20 00:00:00-04:00,25.502450942993164
2023-06-21 00:00:00-04:00,25.18748664855957
2023-06-22 00:00:00-04:00,25.148115158081055
2023-06-23 00:00:00-04:00,24.57723617553711
2023-06-26 00:00:00-04:00,24.508337020874023
2023-06-27 00:00:00-04:00,25.03000259399414
2023-06-28 00:00:00-04:00,25.098899841308594
2023-06-29 00:00:00-04:00,25.32189178466797
2023-06-30 00:00:00-04:00,25.807518005371094
2023-07-03 00:00:00-04:00,26.085018157958984
2023-07-05 00:00:00-04:00,25.92644691467285
2023-07-06 00:00:00-04:00,25.4804630279541
2023-07-07 00:00:00-04:00,25.86698341369629
2023-07-10 00:00:00-04:00,26.055286407470703
2023-07-11 00:00:00-04:00,26.303054809570312
2023-07-12 00:00:00-04:00,26.709394454956055
2023-07-13 00:00:00-04:00,27.086000442504883
2023-07-14 00:00:00-04:00,26.709394454956055
2023-07-17 00:00:00-04:00,26.92742919921875
2023-07-18 00:00:00-04:00,27.165287017822266
2023-07-19 00:00:00-04:00,27.165287017822266
2023-07-20 00:00:00-04:00,26.550823211669922
2023-07-21 00:00:00-04:00,26.33774185180664
2023-07-24 00:00:00-04:00,26.431894302368164
2023-07-25 00:00:00-04:00,26.560731887817383
2023-07-26 00:00:00-04:00,26.808500289916992
2023-07-27 00:00:00-04:00,26.610286712646484
2023-07-28 00:00:00-04:00,27.294126510620117
2023-07-31 00:00:00-04:00,27.512163162231445
2023-08-01 00:00:00-04:00,27.393232345581055
2023-08-02 00:00:00-04:00,26.570642471313477
2023-08-03 00:00:00-04:00,26.481447219848633
2023-08-04 00:00:00-04:00,26.134572982788086
2023-08-07 00:00:00-04:00,26.124662399291992
2023-08-08 00:00:00-04:00,25.807518005371094
2023-08-09 00:00:00-04:00,25.430910110473633
2023-08-10 00:00:00-04:00,25.07412338256836
2023-08-11 00:00:00-04:00,24.756980895996094
2023-08-14 00:00:00-04:00,24.707427978515625
2023-08-15 00:00:00-04:00,24.261444091796875
2023-08-16 00:00:00-04:00,23.825374603271484
2023-08-17 00:00:00-04:00,23.637069702148438
2023-08-18 00:00:00-04:00,23.597427368164062
2023-08-21 00:00:00-04:00,23.855106353759766
2023-08-22 00:00:00-04:00,23.79564094543457
2023-08-23 00:00:00-04:00,24.19207000732422
2023-08-24 00:00:00-04:00,23.587514877319336
2023-08-25 00:00:00-04:00,23.89474868774414
2023-08-28 00:00:00-04:00,24.132606506347656
2023-08-29 00:00:00-04:00,24.756980895996094
2023-08-30 00:00:00-04:00,24.727251052856445
2023-08-31 00:00:00-04:00,24.687606811523438
2023-09-01 00:00:00-04:00,24.87590980529785
2023-09-05 00:00:00-04:00,24.786714553833008
2023-09-06 00:00:00-04:00,24.56867790222168
2023-09-07 00:00:00-04:00,24.102872848510742
2023-09-08 00:00:00-04:00,23.9294376373291
2023-09-11 00:00:00-04:00,24.261444091796875
2023-09-12 00:00:00-04:00,24.296133041381836
2023-09-13 00:00:00-04:00,24.201980590820312
2023-09-14 00:00:00-04:00,24.53398895263672
2023-09-15 00:00:00-04:00,24.35064125061035
2023-09-18 00:00:00-04:00,24.19207000732422
2023-09-19 00:00:00-04:00,24.17224884033203
2023-09-20 00:00:00-04:00,23.706445693969727
2023-09-21 00:00:00-04:00,23.16135597229004
2023-09-22 00:00:00-04:00,23.250551223754883
2023-09-25 00:00:00-04:00,23.280282974243164
2023-09-26 00:00:00-04:00,22.81447982788086
2023-09-27 00:00:00-04:00,22.94331932067871
2023-09-28 00:00:00-04:00,23.329837799072266
2023-09-29 00:00:00-04:00,23.280282974243164
2023-10-02 00:00:00-04:00,23.052337646484375
2023-10-03 00:00:00-04:00,22.527069091796875
2023-10-04 00:00:00-04:00,22.665821075439453
2023-10-05 00:00:00-04:00,22.53697967529297
2023-10-06 00:00:00-04:00,22.903676986694336
2023-10-09 00:00:00-04:00,22.71537208557129
2023-10-10 00:00:00-04:00,23.200998306274414
2023-10-11 00:00:00-04:00,23.329837799072266
2023-10-12 00:00:00-04:00,23.04242706298828
2023-10-13 00:00:00-04:00,22.566713333129883
2023-10-16 00:00:00-04:00,22.9631404876709
2023-10-17 00:00:00-04:00,22.903676986694336
2023-10-18 00:00:00-04:00,22.200016021728516
2023-10-19 00:00:00-04:00,21.694568634033203
2023-10-20 00:00:00-04:00,21.397247314453125
2023-10-23 00:00:00-04:00,21.199031829833984
2023-10-24 00:00:00-04:00,21.496355056762695
2023-10-25 00:00:00-04:00,21.01072883605957
2023-10-26 00:00:00-04:00,20.812515258789062
2023-10-27 00:00:00-04:00,20.663854598999023
2023-10-30 00:00:00-04:00,20.60439109802246
2023-10-31 00:00:00-04:00,20.673765182495117
2023-11-01 00:00:00-04:00,20.88188934326172
2023-11-02 00:00:00-04:00,21.50626564025879
2023-11-03 00:00:00-04:00,22.11081886291504
2023-11-06 00:00:00-05:00,21.942337036132812
2023-11-07 00:00:00-05:00,21.922515869140625
2023-11-08 00:00:00-05:00,21.793676376342773
2023-11-09 00:00:00-05:00,21.476531982421875
2023-11-10 00:00:00-05:00,21.71438980102539
2023-11-13 00:00:00-05:00,21.664836883544922
2023-11-14 00:00:00-05:00,22.685640335083008
2023-11-15 00:00:00-05:00,22.9631404876709
2023-11-16 00:00:00-05:00,22.6955509185791
2023-11-17 00:00:00-05:00,22.91358757019043
2023-11-20 00:00:00-05:00,23.14153480529785
2023-11-21 00:00:00-05:00,22.71537208557129
2023-11-22 00:00:00-05:00,22.73519515991211
2023-11-24 00:00:00-05:00,22.94331932067871
2023-11-27 00:00:00-05:00,22.755014419555664
2023-11-28 00:00:00-05:00,22.794658660888672
2023-11-29 00:00:00-05:00,23.012693405151367
2023-11-30 00:00:00-05:00,22.91358757019043
2023-12-01 00:00:00-05:00,23.1712646484375
2023-12-04 00:00:00-05:00,22.923498153686523
2023-12-05 00:00:00-05:00,22.784748077392578
2023-12-06 00:00:00-05:00,22.933408737182617
2023-12-07 00:00:00-05:00,23.072158813476562
2023-12-08 00:00:00-05:00,23.16135597229004
2023-12-11 00:00:00-05:00,23.27037239074707
2023-12-12 00:00:00-05:00,23.16135597229004
2023-12-13 00:00:00-05:00,23.56769561767578
2023-12-14 00:00:00-05:00,24.320911407470703
2023-12-15 00:00:00-05:00,24.221803665161133
2023-12-18 00:00:00-05:00,24.201980590820312
2023-12-19 00:00:00-05:00,24.489391326904297
2023-12-20 00:00:00-05:00,23.934391021728516
2023-12-21 00:00:00-05:00,24.439838409423828
2023-12-22 00:00:00-05:00,24.479482650756836
2023-12-26 00:00:00-05:00,24.84617805480957
2023-12-27 00:00:00-05:00,24.865999221801758
2023-12-28 00:00:00-05:00,24.899999618530273
2023-12-29 00:00:00-05:00,24.670000076293945
2024-01-02 00:00:00-05:00,24.219999313354492
2024-01-03 00:00:00-05:00,23.6200008392334
2024-01-04 00:00:00-05:00,23.530000686645508
2024-01-05 00:00:00-05:00,23.600000381469727
2024-01-08 00:00:00-05:00,23.940000534057617
2024-01-09 00:00:00-05:00,23.739999771118164
2024-01-10 00:00:00-05:00,23.579999923706055
2024-01-11 00:00:00-05:00,23.549999237060547
2024-01-12 00:00:00-05:00,23.229999542236328
2024-01-16 00:00:00-05:00,22.940000534057617
2024-01-17 00:00:00-05:00,22.489999771118164
2024-01-18 00:00:00-05:00,22.729999542236328
2024-01-19 00:00:00-05:00,22.899999618530273
2024-01-22 00:00:00-05:00,23.049999237060547
2024-01-23 00:00:00-05:00,23.290000915527344
2024-01-24 00:00:00-05:00,23.200000762939453
